Channel_1,Channel_2,Channel_3,Channel_4,Channel_5,Channel_6,Channel_7,Channel_8
0,8,37,24,14,5,-6,-128
-2,-1,9,-13,-32,-11,4,-128
-7,10,15,-30,19,3,-2,-128
23,48,20,89,7,-2,-6,-128
14,18,19,-78,8,2,4,-128
-20,-73,-118,3,-1,-7,-6,-128
-23,7,72,102,-30,-13,0,-128
9,36,21,-128,20,19,2,-128
6,21,50,-16,-24,-8,-6,-128
17,21,-102,53,-20,-6,0,-128
-9,-11,127,-63,-50,-15,5,-128
-16,-9,-9,59,61,-5,-30,-128
6,-15,26,-24,6,9,0,-128
4,-19,30,19,-8,-9,-1,-128
4,17,-13,-15,-18,-9,-5,-128
-7,17,-3,-15,12,5,5,-128
-1,0,5,-16,-17,2,10,-128
-11,-4,-9,17,-25,-4,1,-128
5,-1,-5,50,31,14,4,-128
39,36,12,-54,-46,1,6,-128
-10,2,0,40,65,19,3,-128
-22,-16,-18,-26,-12,-12,0,-128
7,3,-43,-18,-7,-6,2,-128
6,14,-16,-19,-33,-14,-13,-128
-6,18,26,32,-18,-10,-7,-128
8,58,1,-87,-25,1,10,-128
-21,-42,-4,18,-37,-22,-21,-128
6,-39,-99,82,76,30,7,-128
27,-20,13,2,-3,0,8,-128
-2,10,15,2,-12,-13,-16,-128
15,-25,1,6,-5,-1,13,-128
-14,16,-21,-25,-12,-7,-7,-128
-32,15,-15,80,-36,-25,-11,-128
14,-102,-7,-44,-14,-1,0,-128
-6,-35,-1,-29,37,16,-1,-128
-7,1,-2,31,-6,2,-2,-128
-22,-6,-1,26,1,11,4,-128
6,18,-17,-8,-22,-3,-11,-128
-1,12,86,-21,-20,-19,-6,-128
0,22,-45,63,7,-9,-11,-128
-3,1,43,3,22,8,1,-128
4,32,-35,-17,-7,-5,2,-128
-2,30,3,49,-6,5,3,-128
-26,-102,54,-55,-24,-6,3,-128
-3,18,32,12,14,10,10,-128
2,26,-24,-19,-5,2,-5,-128
-18,17,2,44,3,7,-3,-128
-4,-17,-5,1,-15,-3,-8,-128
16,8,-11,-8,-3,-2,-4,-128
-10,-30,10,-10,-27,-12,10,-128
22,49,-2,-47,14,11,0,-128
16,22,-6,57,20,-7,-19,-128
-27,-128,25,15,9,-3,-5,-128
-18,36,2,-77,-31,-14,-2,-128
-1,12,15,-47,11,10,10,-128
-12,2,4,43,49,25,11,-128
0,-9,-21,25,-21,-15,-4,-128
-2,-30,42,-34,-31,-16,3,-128
-8,37,12,-3,21,13,5,-128
-7,2,-18,8,12,-9,-15,-128
-23,-24,-41,9,-41,-20,-13,-128
-3,4,35,11,29,14,8,-128
16,-9,-112,-7,-43,-13,2,-128
-7,34,-30,12,72,15,-16,-128
15,-8,-5,-62,3,2,-4,-128
-31,-17,-16,-3,-19,-16,-16,-128
-1,6,-30,23,-13,-1,7,-128
18,98,19,-47,-3,10,7,-128
-27,-106,50,35,-25,-12,-8,-128
-10,-33,-34,15,26,4,-1,-128
13,33,-18,47,42,12,0,-128
23,23,21,-14,22,4,-1,-128
-9,-4,0,-3,-8,-2,2,-128
-14,-21,5,-8,-54,-25,4,-128
2,4,-7,38,40,12,13,-128
-12,8,-4,-56,46,22,-22,-128
7,18,4,10,-2,-4,-7,-128
-2,-27,11,-9,-16,-11,-5,-128
2,-20,-21,-25,-47,-13,1,-128
-34,6,0,-17,21,12,9,-128
22,53,3,76,-30,-11,3,-128
25,21,0,-85,46,14,-1,-128
-3,-48,-29,6,15,-5,-2,-128
-16,-10,25,11,-11,-9,-9,-128
-11,6,6,-27,-2,4,6,-128
-8,-7,108,4,-23,-8,-6,-128
2,-2,-128,7,-12,-10,-9,-128
17,-57,88,-10,11,-5,3,-128
-7,0,21,-13,-7,-8,-14,-128
-25,4,3,39,19,3,3,-128
-21,-37,-16,-14,-12,4,-2,-128
22,6,-21,25,14,9,-3,-128
21,24,6,-12,-10,-9,-3,-128
-10,15,-4,12,-74,-35,-32,-128
6,12,2,39,84,20,1,-128
-3,51,19,17,5,11,15,-128
-5,13,36,29,-7,-4,-6,-128
-21,-22,-33,8,-21,-12,-3,-128
2,13,36,-55,-4,1,1,-128
11,-80,-119,19,-7,-4,5,-128
-7,-19,62,-29,15,-6,-7,-128
-4,-5,2,-11,1,1,-8,-128
-8,6,-25,-11,-25,-1,8,-128
6,34,28,-29,-48,-14,1,-128
17,-1,-9,108,33,-2,-24,-128
-16,19,40,-59,4,16,1,-128
-12,-33,-75,35,-9,-21,-14,-128
34,16,9,-27,22,5,-1,-128
-8,32,20,-33,-25,-2,9,-128
-18,-92,-7,0,-12,-9,-7,-128
-2,17,-4,14,-19,-6,-1,-128
-27,0,-2,11,-6,-7,-2,-128
-6,-3,14,-14,33,30,16,-128
48,24,26,23,18,7,2,-128
4,-16,-58,-16,-2,-6,-3,-128
-20,-19,7,2,-13,-2,3,-128
9,-15,-6,15,-2,-7,-5,-128
24,50,23,-26,1,-11,-8,-128
-4,-1,3,-35,14,-1,-11,-128
-8,0,11,67,7,12,5,-128
-24,5,15,-12,14,14,2,-128
6,-58,-13,-20,-3,1,15,-128
33,18,-10,12,-9,0,-2,-128
-8,35,37,16,-23,-13,-7,-128
2,11,10,-32,20,7,7,-128
-23,-3,-16,-23,-34,-4,9,-128
-22,-55,-25,-63,-72,-18,-11,-128
-13,0,116,74,6,-10,-12,-128
15,9,-128,28,47,23,-3,-128
15,15,-11,12,-12,-8,-6,-128
-4,14,-13,43,-28,-16,-1,-128
-15,-4,121,-57,-54,-14,-11,-128
15,-1,-128,-15,59,12,2,-128
-1,-4,22,-23,-10,6,11,-128
-3,28,-2,10,11,-3,-15,-128
7,13,13,-10,-14,-4,5,-128
-16,-22,-22,-3,-1,-8,-10,-128
-4,-23,-6,-35,-60,-15,9,-128
-11,40,28,6,-4,8,10,-128
8,27,16,53,-2,-3,-10,-128
43,-105,46,-61,26,12,17,-128
-6,-22,-90,-8,0,-7,-7,-128
-25,-6,-19,-12,-2,-7,-6,-128
-12,-4,4,-15,-47,2,13,-128
3,-1,-2,55,25,-7,-7,-128
27,17,-9,-72,12,5,-10,-128
-17,-18,-1,21,-27,-18,0,-128
-16,-35,-1,-40,-19,-2,-4,-128
3,17,25,-6,84,40,9,-128
0,23,-14,52,6,9,22,-128
-15,-52,-54,3,-80,-32,-14,-128
19,40,29,-57,66,9,-10,-128
35,72,-7,-4,5,-9,-2,-128
-12,-28,-19,9,-6,1,0,-128
-17,-8,22,3,-5,2,-4,-128
2,0,-9,-37,-32,-14,-1,-128
2,5,-36,19,-7,-10,-10,-128
-10,45,55,0,4,-2,-3,-128
-6,15,21,-42,-43,-8,-3,-128
-4,-75,-14,8,-4,-1,-6,-128
-10,-4,-6,90,27,0,-5,-128
-12,-7,-22,-69,9,14,11,-128
-12,-6,-11,-47,-71,-12,15,-128
9,64,12,55,-55,-27,-18,-128
43,58,-43,-8,115,26,-20,-128
5,-18,4,-15,4,1,2,-128
-15,-36,30,-4,-26,-6,-6,-128
-19,-43,-56,-10,-31,-4,4,-128
-25,-25,26,-22,-46,-11,1,-128
-2,8,8,12,5,3,-11,-128
11,-3,-39,-41,-9,-12,-3,-128
-13,30,14,63,-12,-3,4,-128
-8,-56,13,-35,43,10,-4,-128
19,48,-43,35,4,1,-12,-128
-9,26,-2,-18,-9,-3,-2,-128
-9,11,33,4,-13,-9,6,-128
-21,-30,-8,-6,-8,-5,4,-128
-6,3,-33,-18,-65,-22,1,-128
30,0,78,84,56,18,-3,-128
7,-17,-29,-77,23,11,15,-128
-3,22,-3,2,-41,-16,-4,-128
-2,-1,-4,-33,14,4,0,-128
-42,-75,0,18,-5,-11,-18,-128
-14,-29,-24,-43,-22,-2,-4,-128
2,-29,19,12,-36,-15,1,-128
-9,21,-10,5,-23,1,10,-128
1,16,-26,24,77,17,-1,-128
25,-41,18,-67,26,6,-6,-128
-10,15,7,-4,4,4,4,-128
-14,-20,-49,1,-30,-13,-11,-128
3,-6,21,-14,-30,-12,3,-128
3,16,68,-28,-37,-10,1,-128
8,7,-75,18,34,8,3,-128
-15,-13,-32,-3,6,5,-1,-128
43,8,16,20,31,19,8,-128
22,67,-5,-2,9,6,12,-128
-47,-30,21,37,-11,-8,3,-128
10,30,-8,-85,-37,-22,-26,-128
18,25,5,20,21,8,2,-128
13,60,4,1,-5,-7,-8,-128
-17,-91,-4,0,4,6,13,-128
-27,33,-1,21,-30,-2,7,-128
13,24,5,-31,19,0,-18,-128
43,44,-11,1,20,3,-1,-128
-21,-41,-4,20,26,15,10,-128
-1,-18,11,-4,-19,-13,-5,-128
-13,22,18,-22,-42,-11,-16,-128
10,29,-13,32,19,1,-1,-128
10,38,12,-11,10,5,16,-128
-4,30,-3,-6,-85,-44,-19,-128
7,-21,-15,-79,93,47,-1,-128
-10,-56,7,71,64,14,-9,-128
14,-11,-22,-13,-31,-12,5,-128
-10,42,-49,-40,-83,-33,-10,-128
-21,-79,-4,43,12,-7,-4,-128
-1,27,3,-99,31,27,4,-128
8,-8,-7,-10,-11,-6,-19,-128
-14,-34,-6,21,-1,-7,-8,-128
3,2,49,11,-13,-9,-3,-128
-6,22,-17,2,22,9,15,-128
-4,2,-2,10,-11,1,14,-128
-4,-15,-14,-20,-26,-14,-18,-128
0,-5,17,11,-41,-13,7,-128
25,72,55,-16,71,23,-2,-128
13,-27,4,43,36,4,-8,-128
-11,-4,-8,-1,-6,10,12,-128
-1,-6,-24,-41,-53,-8,-1,-128
-9,-50,-34,28,-13,-15,-14,-128
6,10,17,-9,21,5,-17,-128
-2,54,-63,-17,-1,-2,2,-128
-15,-1,2,-18,-23,-1,12,-128
-3,-20,34,76,-84,-32,5,-128
22,-15,-127,-92,113,47,23,-128
8,7,-21,25,53,21,1,-128
-29,-14,-2,14,3,-12,-13,-128
1,25,15,-11,-17,-10,1,-128
10,-5,30,-36,-77,-20,-3,-128
-5,9,-10,42,64,15,-8,-128
-16,-22,-22,1,-15,-3,1,-128
4,8,3,6,-10,-6,-3,-128
7,13,24,-8,-38,-13,-2,-128
-13,-22,2,-5,-32,-13,-1,-128
0,13,-36,44,76,34,10,-128
1,15,-35,-20,-35,-8,-5,-128
-13,-122,20,-63,7,-8,-6,-128
18,52,-14,22,-8,-3,2,-128
-11,-27,-3,41,-2,6,12,-128
-14,-2,16,1,-70,-17,-13,-128
11,-37,-15,54,127,29,-14,-128
50,23,-22,24,18,1,-3,-128
-25,-19,28,-19,-26,-7,-13,-128
-3,4,-5,-7,-19,1,11,-128
-11,-3,0,-3,-21,1,16,-128
-24,-28,-8,-20,-20,-8,-1,-128
6,20,-5,-38,-30,-5,5,-128
51,44,27,85,54,35,20,-128
-49,-100,-41,8,-8,-23,-18,-128
9,-16,30,-106,-2,-5,-4,-128
-16,-21,-2,36,-58,-16,-1,-128
5,35,4,56,127,52,13,-128
-16,10,-4,0,-12,-5,1,-128
-7,-46,-14,-5,-20,-4,-3,-128
10,10,-5,-6,-23,-9,-6,-128
-20,-23,0,-1,-17,-3,-1,-128
-27,29,22,1,-104,-34,0,-128
52,2,-26,-24,111,28,-4,-128
75,-19,-8,20,100,41,21,-128
-40,3,90,4,-25,-12,-14,-128
-25,-10,-110,11,-31,-12,2,-128
-10,8,-2,17,-42,-11,8,-128
-11,44,-7,-27,2,-2,-29,-128
-7,-79,14,34,52,13,6,-128
10,27,-42,2,3,-10,-21,-128
3,12,-29,9,-1,-3,-5,-128
-13,25,27,44,-10,-6,2,-128
-19,-14,-21,-58,-51,-8,6,-128
2,-31,-59,30,26,32,13,-128
11,-6,5,-8,29,-15,-24,-128
45,94,2,4,-1,-6,8,-128
-8,10,-2,-16,-14,-6,-3,-128
-19,-23,-8,-6,-11,-3,-3,-128
-8,-7,-6,-12,-17,1,-1,-128
-14,-11,-8,11,-35,-10,4,-128
-7,-38,-1,19,58,23,5,-128
33,33,19,-44,1,4,2,-128
-11,-30,-5,22,1,4,-2,-128
-6,85,9,34,3,-2,-5,-128
-25,-71,-21,51,-15,-6,4,-128
-7,-40,10,-117,4,6,-13,-128
40,-13,24,-16,11,3,3,-128
6,33,12,13,-19,-2,8,-128
-14,-37,-100,37,59,13,3,-128
-2,17,-23,3,-33,-1,-2,-128
0,3,16,2,-11,-2,1,-128
-8,52,53,-40,-32,-12,7,-128
-7,-27,-16,30,-26,-19,-5,-128
2,3,-33,19,33,9,7,-128
-5,-5,-3,-53,-1,2,-19,-128
-9,11,-16,3,-16,-7,-7,-128
-4,-15,-14,-21,-42,-20,-7,-128
-1,7,15,8,-46,-19,4,-128
-3,22,51,-58,4,35,13,-128
44,127,-34,31,46,-4,-19,-128
17,-88,12,33,32,2,3,-128
1,8,6,30,-46,-21,-2,-128
-10,3,15,-58,-21,-1,15,-128
-42,-35,-31,1,-16,-9,-23,-128
27,78,27,-10,2,0,-23,-128
8,-1,42,5,3,-9,-4,-128
-16,-7,-37,-14,-11,2,4,-128
-5,-11,14,5,-16,1,7,-128
-5,-8,-4,-18,-17,-2,4,-128
-4,6,-12,55,-6,-7,0,-128
17,-2,0,-66,10,10,29,-128
29,49,-75,3,27,10,-2,-128
4,-36,48,17,19,-9,-24,-128
-39,-61,-53,4,1,-12,-22,-128
-22,-21,18,12,-33,-15,2,-128
-9,16,-12,-48,-82,-21,-3,-128
28,32,16,64,88,12,-13,-128
5,-7,-55,3,63,24,23,-128
-13,-13,16,-8,-21,-4,-6,-128
-9,-9,4,-3,-30,-5,-1,-128
-6,-3,-5,0,-22,-5,-1,-128
-6,-1,6,-4,-10,-5,-5,-128
-8,2,-7,-10,-29,-12,0,-128
-12,-17,0,-27,-77,-29,1,-128
15,74,-7,-9,127,56,12,-128
19,34,36,15,-5,2,-16,-128
-1,-128,39,-5,-23,-14,-5,-128
15,28,-20,-16,-21,-7,5,-128
8,60,6,-2,19,0,-4,-128
-28,-7,19,7,-17,-14,-10,-128
-12,6,-24,-45,-16,1,3,-128
11,-9,25,12,-2,1,1,-128
-2,2,13,-25,-24,-8,-4,-128
-15,3,1,56,-109,-41,-10,-128
15,1,17,-46,127,79,27,-128
6,30,2,-2,-31,-1,6,-128
3,-1,-27,2,-33,-13,-18,-128
-9,-17,8,-2,-22,-3,-2,-128
-8,-36,6,-38,-37,-1,6,-128
-1,51,-42,68,20,-4,-3,-128
-3,18,-8,-27,52,-3,-20,-128
30,-26,11,-5,7,-3,0,-128
-23,-1,39,-6,-53,-14,-5,-128
-25,52,-79,33,12,-7,-11,-128
14,-62,-11,-75,48,18,4,-128
-8,37,4,58,9,-5,-8,-128
0,-23,8,-7,-11,-3,19,-128
-15,-23,-11,9,11,12,1,-128
-6,8,0,8,-18,-6,-7,-128
31,15,-9,3,-4,-1,7,-128
6,6,22,5,3,3,-2,-128
-3,-4,-13,-43,-29,-10,-8,-128
-6,-23,-5,68,46,9,1,-128
-1,8,-4,-17,11,6,5,-128
-5,9,2,-7,-16,-4,-8,-128
1,-8,2,-10,-10,-4,-5,-128
0,-9,-15,5,-7,-1,-1,-128
-1,-4,22,-2,1,-4,-2,-128
-25,-26,1,-58,-128,-55,-5,-128
-28,-30,-36,77,120,14,0,-128
68,127,19,1,98,46,2,-128
40,-107,-13,-10,-26,-10,-2,-128
-29,-88,43,31,-23,-23,-14,-128
-14,44,-52,-48,49,3,-14,-128
-6,34,4,-24,-24,-13,4,-128
-8,13,58,3,-25,-6,-1,-128
-5,-14,-11,10,-11,-10,-11,-128
5,12,9,12,20,6,2,-128
-4,3,-3,-2,-10,-5,5,-128
-20,-4,15,29,-60,-21,0,-128
1,26,-38,-77,28,21,14,-128
19,-29,17,33,34,13,3,-128
2,-76,-19,5,-4,-6,-2,-128
-4,12,6,-6,-3,-11,-15,-128
-9,12,-12,-6,-15,-3,-3,-128
-16,0,2,1,-13,1,9,-128
-4,4,7,-78,-53,-17,5,-128
6,-10,-24,116,33,0,-20,-128
-3,49,-23,-50,12,10,-3,-128
4,2,26,7,6,-8,7,-128
-12,-39,19,-15,-5,7,15,-128
-7,-3,-32,14,-65,-20,-10,-128
-21,-32,-28,-19,40,2,-20,-128
23,15,-13,-11,-15,-19,-8,-128
-10,-61,-3,-19,32,21,11,-128
-4,6,-34,-25,-34,-6,-2,-128
-6,-7,-7,44,8,-7,1,-128
-6,-19,-4,-8,-32,-2,8,-128
-12,26,1,50,49,4,-6,-128
24,31,-2,7,4,1,1,-128
3,-70,2,-7,-20,-2,-4,-128
0,13,47,-5,-39,-6,4,-128
2,-22,-59,-22,38,16,0,-128
-13,42,26,13,-8,-14,-2,-128
17,38,18,-14,36,12,12,-128
-3,-5,-16,-2,73,17,-15,-128
3,-35,-8,10,-19,-6,-11,-128
-28,-45,-9,-3,-50,-17,-3,-128
-12,-23,-21,-23,-9,-4,5,-128
-2,-14,28,-53,-56,-13,1,-128
-2,-5,34,98,20,0,-12,-128
30,48,-11,-15,21,8,7,-128
13,25,-6,-2,-1,1,4,-128
-17,-128,-51,-8,-13,-10,-2,-128
-18,23,-2,-4,-13,-7,-3,-128
-11,25,11,-10,-19,-4,-2,-128
2,22,11,60,0,8,9,-128
-12,-8,-12,-43,8,-2,-13,-128
20,32,21,-91,-28,-15,-9,-128
19,41,8,17,7,9,10,-128
-11,0,-20,49,13,6,11,-128
-6,-51,8,-25,-19,-4,0,-128
19,-1,-43,-32,-55,-23,0,-128
-12,-69,-15,36,64,13,-3,-128
23,28,-3,4,49,6,-7,-128
-20,-28,-15,-9,-15,-11,-22,-128
-19,11,6,23,-44,-15,-1,-128
-5,9,-6,-58,16,7,7,-128
18,28,4,9,-6,3,5,-128
-11,-23,-1,26,-54,-19,-9,-128
1,28,2,-11,21,21,19,-128
6,-11,24,17,53,21,-6,-128
5,-28,-24,-20,-18,-14,-8,-128
-3,-8,-13,4,-3,-5,-3,-128
-13,-15,31,-3,-26,-11,-5,-128
-6,2,38,-21,10,6,2,-128
-6,-6,62,63,-68,-16,12,-128
-14,-23,-111,-64,48,24,-3,-128
25,76,3,49,31,20,0,-128
22,4,52,57,-37,-20,5,-128
-27,-128,-21,-62,8,0,-23,-128
-14,17,-15,9,21,-4,-20,-128
-12,0,-9,6,-13,-6,-7,-128
-2,1,4,3,-16,-3,3,-128
-1,7,-1,0,-17,-4,4,-128
-3,8,-6,-3,-9,-5,2,-128
-3,5,-2,-24,-18,-1,5,-128
-35,-78,-7,11,-104,-23,-7,-128
0,54,-2,37,127,44,9,-128
88,127,25,5,7,-16,-2,-128
4,-127,9,-17,27,1,-8,-128
-38,-64,-4,-9,-6,-9,-4,-128
-19,-25,-27,-31,-46,-15,2,-128
-3,2,20,72,30,16,6,-128
7,16,8,-10,-32,-7,8,-128
2,11,-6,-78,-15,1,-5,-128
-9,4,-11,11,-41,-19,-3,-128
-21,-16,6,20,15,4,14,-128
-7,-68,-28,-75,34,18,-12,-128
39,44,-14,-4,6,-5,-2,-128
14,31,63,-12,-64,-29,-10,-128
-15,-20,30,37,58,25,15,-128
-5,20,-128,-2,-26,-5,7,-128
-23,-8,18,35,-51,-30,-14,-128
7,2,5,-8,112,38,0,-128
27,26,0,7,1,1,-6,-128
-10,-35,-5,-10,-18,-16,-21,-128
-11,-8,-3,0,-20,-6,-3,-128
0,29,6,-13,-31,-6,10,-128
3,-7,-15,43,42,17,9,-128
-26,-62,-3,-11,-5,-15,-15,-128
3,-7,8,0,0,-1,-11,-128
-16,-39,-25,-8,3,-1,-4,-128
18,10,-16,-1,-6,1,2,-128
-3,-4,-8,20,-7,-1,2,-128
-6,1,5,-44,-9,0,20,-128
-4,-16,5,-95,-94,-29,-8,-128
2,-13,-7,127,116,43,25,-128
-2,8,1,-23,12,21,-9,-128
16,127,-26,-66,-42,-29,-40,-128
13,-39,47,41,51,-4,-8,-128
-17,-51,-1,-18,-22,-12,-2,-128
-8,1,-14,32,-16,-10,2,-128
-8,6,3,-11,-4,7,7,-128
-11,-7,15,14,17,13,3,-128
-13,-8,-10,-49,-67,-21,-3,-128
3,3,-17,59,-1,-11,-5,-128
4,37,28,6,56,14,-7,-128
2,1,15,-5,13,-5,-8,-128
7,7,-17,-5,-8,-3,-8,-128
7,-32,1,3,-16,-3,5,-128
2,54,-1,12,-59,-18,7,-128
-29,-75,2,-43,32,-2,-21,-128
18,76,-20,83,68,17,7,-128
-3,13,127,-13,59,27,-3,-128
-10,-25,-128,-2,-36,-13,0,-128
-7,0,-28,-9,2,6,-6,-128
7,3,50,20,9,-13,-3,-128
18,7,4,-5,-4,-4,0,-128
-26,-1,-27,1,17,3,-7,-128
-5,-12,-31,-11,-14,-3,8,-128
-1,15,28,35,-12,-8,-4,-128
-12,-12,11,-68,7,8,-4,-128
-4,-13,7,25,2,-1,-7,-128
-2,15,8,6,-11,3,16,-128
6,2,-13,-13,-1,-9,-10,-128
6,44,-1,-7,2,-7,0,-128
-19,2,-6,-3,-3,0,6,-128
-13,-6,3,31,-42,-4,13,-128
-14,-13,2,-71,-91,-35,-17,-128
32,-19,-23,127,127,41,-13,-128
37,-59,12,0,78,21,-7,-128
-19,-21,-9,-56,-15,-9,-4,-128
-23,-7,12,-14,-51,-12,10,-128
-4,20,-9,16,-28,3,6,-128
-14,-5,-5,-12,-24,-16,-17,-128
-11,-3,-2,12,-9,-6,-5,-128
-5,9,4,3,15,1,-3,-128
8,6,3,-41,-35,-11,-2,-128
9,-9,6,59,-32,-9,4,-128
-4,27,-19,2,48,35,22,-128
17,-33,-15,9,119,58,7,-128
15,-4,17,-14,-5,-16,-17,-128
-20,-2,31,-12,-20,-15,-9,-128
-4,28,22,-7,-22,-7,5,-128
-14,-19,-18,-3,-33,-7,1,-128
-7,-45,-11,-4,-13,-9,4,-128
2,10,-10,3,-12,-7,-8,-128
7,8,36,-14,-18,-3,-8,-128
-6,25,33,46,49,7,-4,-128
2,46,-128,-42,-22,-2,8,-128
-4,-30,12,39,-110,-33,17,-128
30,-67,-34,-49,127,93,6,-128
-5,-2,24,-4,-16,-3,-10,-128
-36,-107,1,-10,-35,-23,-26,-128
-18,-15,-18,-18,-20,-11,-1,-128
-2,2,16,-3,-20,0,4,-128
12,6,-9,0,-11,5,3,-128
-4,5,4,-27,-40,-10,5,-128
0,12,4,65,66,22,3,-128
-4,9,3,4,6,-1,-15,-128
5,50,-51,-10,15,1,13,-128
-9,-23,-12,-8,10,-1,-2,-128
-7,-16,30,2,-12,-6,6,-128
-13,3,-1,-61,-57,-14,-5,-128
11,42,5,49,-65,-27,-22,-128
53,69,-13,-37,116,59,8,-128
-14,-17,18,-5,-16,-11,2,-128
-2,13,-20,-5,-24,-8,8,-128
-3,-33,0,29,-39,-10,-1,-128
-23,-45,-32,-73,-62,-23,-32,-128
-9,5,20,59,58,14,3,-128
10,-6,-5,-9,3,-7,-5,-128
2,11,15,-38,-24,-9,4,-128
-12,5,-32,-7,-128,-55,-11,-128
-7,-4,45,127,127,74,14,-128
17,39,110,-50,50,59,20,-128
18,-24,-98,-16,-36,-7,0,-128
-15,-53,3,-7,-38,-21,-3,-128
-9,-27,15,-7,-17,-18,-8,-128
-24,-90,-12,-8,0,-26,-26,-128
6,14,17,4,1,-4,-4,-128
-6,17,-52,-2,-1,-6,4,-128
-2,-10,9,14,6,14,17,-128
-6,-15,11,-7,0,1,-4,-128
4,15,-23,-22,-3,-15,-20,-128
-2,57,-8,9,25,3,-6,-128
13,48,-34,-2,4,5,11,-128
-13,-128,-7,14,-15,0,6,-128
-15,-1,-6,-115,-92,-22,4,-128
-21,20,-30,101,-4,-28,-39,-128
67,105,46,-44,69,44,1,-128
3,-94,-14,0,-8,-5,1,-128
-25,3,6,-9,-37,-8,-7,-128
-8,23,-4,-6,-37,-7,7,-128
6,-6,-1,21,-24,-6,4,-128
-3,-15,3,-77,-33,-13,-5,-128
-6,72,34,63,21,7,17,-128
-13,-14,-50,-17,11,-3,-19,-128
19,34,0,-56,-6,-16,-28,-128
-4,-21,11,49,40,15,7,-128
-2,-1,-11,1,-5,10,15,-128
1,14,31,69,17,-8,-3,-128
-1,40,-12,-48,-13,-6,-4,-128
5,-77,58,-16,-28,-12,-10,-128
-9,-53,-46,12,35,12,-6,-128
-17,-15,-29,-12,-12,-8,0,-128
2,-9,7,14,-28,-10,-3,-128
17,42,39,26,21,11,5,-128
7,45,9,-6,-2,-6,4,-128
-15,-108,-20,-6,-31,-7,10,-128
-4,21,2,-47,1,-6,-2,-128
-34,-35,3,56,-89,-33,-13,-128
23,-1,16,-94,126,75,32,-128
13,40,1,11,-14,-1,-15,-128
-14,-52,-30,-12,-13,-21,-29,-128
-7,10,4,-5,-10,-16,-8,-128
12,1,9,-3,-26,-9,5,-128
-1,-3,-11,-4,-12,-4,0,-128
-22,-31,-3,15,-8,8,16,-128
-26,-16,14,-46,-77,-6,20,-128
33,76,-33,78,64,17,4,-128
67,25,-16,0,57,3,-23,-128
-33,-33,13,-17,3,-7,-23,-128
-22,-5,33,-8,-16,-1,2,-128
-11,-20,0,-2,-21,-1,7,-128
-5,-17,-10,-2,-19,-6,2,-128
-1,3,-11,-8,0,-3,2,-128
1,6,7,-4,-9,3,0,-128
-6,-13,-7,-29,-23,-3,6,-128
-23,5,37,14,-128,-54,-7,-128
11,45,-24,37,127,51,-10,-128
66,-58,-31,-58,89,40,12,-128
-2,-10,1,0,15,3,-3,-128
-16,-29,-14,-10,-44,-18,5,-128
-21,14,6,-31,-56,-17,-5,-128
-18,-12,34,84,-39,-14,-7,-128
-11,-23,-9,-128,-12,-1,-2,-128
13,17,4,2,-47,-29,-15,-128
4,2,-4,110,127,63,19,-128
4,-7,-20,-2,-3,0,2,-128
-2,40,-14,-16,-47,-17,5,-128
-23,55,54,-7,-8,-6,-11,-128
-11,-59,-56,-1,-29,-26,-32,-128
25,27,99,-4,47,11,13,-128
-10,-21,-93,1,31,17,11,-128
-17,2,-8,-8,-15,-8,-25,-128
14,14,-1,3,-10,-5,4,-128
-17,-27,17,55,-41,-19,4,-128
4,31,14,-48,75,38,10,-128
30,30,-5,9,-5,-4,-23,-128
-22,47,36,1,-5,-13,-12,-128
6,-27,19,8,-6,11,32,-128
11,31,-24,-22,-55,-14,1,-128
-16,-61,9,28,34,-3,-27,-128
-12,11,6,-46,-1,-3,-9,-128
-10,-4,-16,-7,-36,-20,1,-128
-4,13,12,56,115,43,8,-128
1,18,-20,37,26,15,6,-128
5,-7,-46,-52,-37,0,3,-128
-4,5,75,-22,-31,-4,-4,-128
6,-3,-89,11,-31,-32,-20,-128
1,-6,26,-7,-17,1,-1,-128
-1,20,11,50,84,23,2,-128
-12,-44,-78,-10,-6,-3,0,-128
-5,-38,0,-12,-45,-21,-3,-128
0,-16,3,-33,-11,-4,-4,-128
-11,0,50,114,3,-8,-4,-128
1,63,-26,-89,64,38,13,-128
18,-15,-7,-13,-15,-7,-6,-128
33,-13,20,1,-24,-4,9,-128
-31,-15,1,20,-45,-20,-11,-128
-2,23,21,7,32,14,1,-128
-13,-9,2,6,3,-8,-19,-128
-1,-4,10,4,-8,-1,-9,-128
-7,7,-25,-12,-28,-2,11,-128
7,12,4,-30,-6,-2,1,-128
13,25,19,5,-5,1,-3,-128
-7,-11,-21,30,-14,-14,-10,-128
25,56,1,-31,20,2,6,-128
-14,-16,3,-25,-21,-11,-7,-128
-3,3,-7,17,-25,-8,-4,-128
-20,15,-65,-24,-22,0,8,-128
-6,-81,5,-31,26,7,-4,-128
37,78,1,7,-17,-3,5,-128
-8,7,-9,-95,-81,-30,-13,-128
5,3,-35,59,2,-10,-9,-128
7,27,-3,-39,76,32,8,-128
-7,-6,-9,1,-19,-4,2,-128
-14,10,75,-22,-49,-17,-14,-128
-18,0,-77,33,-55,-26,-7,-128
10,7,11,-84,-20,-13,-3,-128
15,-24,-14,122,64,23,-1,-128
0,23,16,-43,-1,8,12,-128
-4,-14,34,0,-33,-8,-2,-128
-19,25,18,-8,-40,-11,-6,-128
-19,-128,-11,-19,-15,-18,-10,-128
15,49,-15,10,15,6,-3,-128
1,16,-2,-3,-3,-3,3,-128
-31,-28,5,-41,-40,-6,1,-128
-20,-9,4,53,33,20,18,-128
40,117,-10,0,-1,-12,-19,-128
63,32,-10,-9,21,0,0,-128
-26,-56,10,-16,11,-1,-9,-128
-19,-26,-18,-15,-17,-4,10,-128
-20,12,12,30,-8,-4,4,-128
-25,-127,-7,-45,-18,5,4,-128
-5,-43,-10,-16,-42,-23,-5,-128
6,-17,41,100,-45,-19,7,-128
-1,19,68,18,127,54,11,-128
3,53,-23,-16,1,-7,-18,-128
11,11,-16,-11,-13,-7,-2,-128
-8,-11,8,-2,-28,-10,-2,-128
-7,-8,4,-49,-67,-17,-1,-128
-20,-12,6,54,4,-8,-5,-128
7,11,31,-7,-25,2,-1,-128
9,17,-35,14,48,2,0,-128
20,5,51,-5,78,41,14,-128
2,-17,-12,-10,-41,-11,1,-128
-19,-22,11,1,-31,-12,-8,-128
4,20,10,-30,4,14,10,-128
8,-30,-7,6,-6,-4,-4,-128
-12,-22,27,-2,-2,3,5,-128
3,38,-25,-21,-7,-13,-8,-128
-10,-21,9,-3,-49,-20,-14,-128
1,-31,-35,38,69,18,2,-128
21,-25,2,2,16,2,-12,-128
-1,-2,0,-9,-14,-9,-5,-128
-17,-12,8,-4,-14,-2,4,-128
-12,-11,-19,-10,-14,0,4,-128
11,22,-19,-10,0,-8,-5,-128
-1,-10,11,-26,-26,-1,-1,-128
-14,-28,-7,98,0,-10,-14,-128
3,24,-11,-40,29,25,18,-128
-14,-32,29,64,90,18,13,-128
-8,-53,0,-45,-11,-24,-23,-128
3,10,-20,8,-16,-12,-13,-128
-18,-20,-3,-40,-32,-19,-18,-128
2,-4,-11,-10,3,9,8,-128
-8,0,-4,30,-2,3,2,-128
-7,4,17,-15,-6,-2,-1,-128
2,10,14,-41,-18,-6,5,-128
-20,-11,-6,62,-128,-33,2,-128
0,13,15,-12,120,88,13,-128
24,72,-13,-50,-42,-16,-19,-128
14,7,32,-5,-14,-16,-16,-128
-4,-28,-46,-15,-24,-10,6,-128
-11,-10,22,-14,-30,-3,10,-128
-6,26,-11,2,5,2,-8,-128
-6,47,19,6,-6,-8,-3,-128
-13,-112,-12,-8,3,-2,-2,-128
3,30,-13,-12,-11,-4,3,-128
7,17,-2,1,-8,11,38,-128
-11,-26,25,33,56,4,-20,-128
8,78,8,-7,24,-13,-41,-128
-4,-2,-1,-9,-7,-14,-11,-128
-4,-19,5,-9,1,7,-1,-128
-5,-7,-2,-26,-10,2,10,-128
-13,-8,-1,46,0,5,25,-128
-4,-4,-1,43,-15,-11,-11,-128
-2,-38,-29,-83,-17,-14,-23,-128
4,-37,14,-10,82,31,-1,-128
-4,-36,14,-9,-29,-10,-3,-128
2,25,-3,-44,-21,1,10,-128
-8,-28,48,48,2,3,6,-128
-11,0,-97,-9,-5,-10,-9,-128
7,26,25,-29,-45,-24,-13,-128
4,24,8,0,99,35,1,-128
6,16,-3,7,-2,1,3,-128
1,-18,-6,-85,-22,-3,-1,-128
-17,-18,11,71,-26,-22,-2,-128
-11,-2,-19,1,54,22,1,-128
7,41,-1,-110,-49,-12,2,-128
-5,-60,8,83,-72,-17,-2,-128
-21,-29,-39,-9,55,15,1,-128
21,-46,74,-4,-14,-14,-10,-128
1,28,-128,-19,-6,-8,-11,-128
-8,10,20,0,-5,-5,-7,-128
6,9,23,-15,-17,-1,-5,-128
11,50,4,1,-22,-6,16,-128
-6,-64,-14,-2,11,14,3,-128
-8,-12,-2,1,0,-3,2,-128
-11,-3,-3,5,6,3,10,-128
-13,-20,-5,-15,-23,3,6,-128
-7,9,21,41,-26,-34,-43,-128
53,127,14,34,87,21,-1,-128
-19,-32,17,-37,0,-6,-11,-128
-10,32,36,-10,-41,-14,-1,-128
-24,-22,-32,4,112,35,7,-128
14,37,-18,13,-7,9,14,-128
-5,-37,11,1,-17,-6,0,-128
-7,-16,-15,-2,-22,-6,2,-128
8,53,26,-54,-128,-43,20,-128
-13,-22,-42,127,90,29,5,-128
32,59,-30,-87,13,-5,-43,-128
-6,-24,-22,-15,-13,-16,-14,-128
-12,0,-21,-2,-42,-16,-4,-128
-7,-2,42,-24,-33,-7,2,-128
-4,1,49,22,4,3,4,-128
-4,0,-112,-13,-13,-4,2,-128
-3,3,-9,-38,-31,-12,3,-128
-25,-17,9,42,-47,-18,10,-128
-1,26,2,86,127,73,7,-128
60,127,-2,-67,91,19,9,-128
10,-17,0,-7,2,-15,-18,-128
-27,-66,-32,-8,-18,-14,-9,-128
-23,11,-1,-7,-17,-6,11,-128
3,27,5,4,-24,2,8,-128
-7,-51,-19,-2,-18,-12,-20,-128
6,-10,15,-18,0,3,-5,-128
-9,-5,16,15,-9,-3,4,-128
-11,38,-72,54,10,-1,7,-128
31,64,-20,-54,43,14,4,-128
6,-60,58,-10,-2,-9,1,-128
-14,-26,-9,9,4,4,-2,-128
2,-3,-8,-12,-12,-6,-6,-128
4,10,7,6,-32,-12,-6,-128
-9,4,3,-21,8,-2,2,-128
-3,15,13,18,32,32,33,-128
-3,-6,-15,32,-71,-27,-17,-128
32,-15,6,-42,71,33,-1,-128
-9,-10,58,21,1,-12,-26,-128
-20,-14,-12,-3,-25,-13,-5,-128
-3,-3,-10,-20,-18,-1,6,-128
-7,37,9,-59,-75,-21,8,-128
-5,-26,-1,77,78,32,14,-128
-2,79,-34,8,11,-1,-8,-128
41,46,23,-53,-58,-29,-6,-128
-7,24,53,56,-7,-3,-2,-128
-17,-48,-10,-15,54,28,11,-128
-11,17,-5,-47,-13,1,5,-128
-15,-14,-20,3,-26,-3,1,-128
33,56,-27,-4,-38,-21,-13,-128
37,12,12,5,5,-7,-12,-128
-32,-128,-1,-6,1,-4,-8,-128
-17,9,13,7,-1,-5,0,-128
-2,-11,1,-31,-24,-5,-2,-128
7,19,52,-9,-13,-15,2,-128
9,16,-79,39,67,30,11,-128
-6,23,-5,25,7,-16,-29,-128
14,-64,21,-10,-14,-4,-4,-128
-21,3,2,24,12,8,3,-128
7,-23,-6,-61,-21,-8,2,-128
-5,12,-17,75,-26,-13,-15,-128
16,7,54,-117,16,9,3,-128
-9,-15,-13,-25,-5,-3,3,-128
-22,-31,45,13,-31,-8,9,-128
-18,-10,-14,-17,-28,-4,-19,-128
20,80,-15,10,-9,-8,2,-128
16,-19,7,7,-21,-20,-9,-128
-11,-40,-5,10,66,25,1,-128
-13,-16,17,23,12,9,1,-128
-5,19,23,-18,-95,-35,-4,-128
-4,12,15,-13,35,8,-4,-128
9,13,-82,-49,-10,0,0,-128
-5,-10,-21,-27,-5,-12,-10,-128
-5,-4,13,-11,-54,-17,-5,-128
-4,42,-9,18,-29,-12,-6,-128
1,-22,69,76,97,40,11,-128
-2,42,-30,6,-14,-5,5,-128
-8,-47,-3,-9,-24,-16,5,-128
-10,35,2,-36,-40,-16,-18,-128
10,21,9,20,26,6,12,-128
20,-9,-18,29,-9,-5,-6,-128
-22,-118,-46,-89,-14,-8,0,-128
4,13,51,28,25,8,-6,-128
11,6,-46,-4,1,-3,4,-128
0,-4,33,17,9,1,-1,-128
-21,-9,-12,-10,-29,-6,1,-128
-11,-35,6,36,-6,-5,-7,-128
-4,5,8,-44,-25,-4,7,-128
3,-28,6,-36,-3,2,6,-128
39,73,-57,72,31,12,18,-128
-25,-40,22,-59,44,1,-17,-128
-2,22,11,-5,-15,-5,-15,-128
17,14,-9,-18,-51,-17,1,-128
-6,-36,-76,5,20,0,-3,-128
2,24,120,50,10,19,11,-128
-5,-14,-32,-51,-13,3,16,-128
-23,-9,-13,-97,-18,-10,-12,-128
4,31,-6,127,-49,-23,-7,-128
15,-78,-38,-46,98,29,11,-128
-5,-35,-2,21,4,-11,-20,-128
-3,-41,-5,-11,-24,-6,1,-128
1,9,-3,-22,-27,-12,0,-128
8,15,17,7,-8,-2,-2,-128
-9,0,1,-15,-13,-2,-5,-128
-9,4,10,-5,-26,-7,-1,-128
-20,4,15,28,-64,-9,17,-128
0,-45,-41,12,127,74,17,-128
38,94,11,3,18,-3,-39,-128
7,-87,-38,-15,3,-22,-8,-128
-13,19,71,4,-6,-8,-17,-128
-9,-8,-16,-5,-13,0,4,-128
-13,-5,23,-5,-17,-7,-1,-128
1,5,-14,-5,-1,-1,-5,-128
-5,20,4,-54,-103,-32,-2,-128
-11,-43,13,116,120,36,8,-128
10,-16,-6,-42,3,15,-3,-128
16,-7,-23,2,-24,-7,9,-128
3,-11,4,-4,-27,-4,12,-128
-8,5,65,-5,-19,-14,-15,-128
-11,-21,-71,-29,1,-15,-21,-128
5,8,26,19,7,-1,-5,-128
-7,-42,17,5,-11,-5,-1,-128
-4,17,17,-69,-85,-21,-4,-128
-4,-4,3,88,45,22,9,-128
2,4,19,-38,47,45,10,-128
-10,14,-15,-8,-25,-11,-7,-128
-6,-44,-43,-7,-41,-10,1,-128
-9,0,-37,-21,-48,-13,-1,-128
-4,-10,-15,-13,-14,-14,0,-128
25,21,47,-12,17,5,-2,-128
12,-17,-16,36,11,-8,-9,-128
-9,32,35,-57,10,-4,-3,-128
-16,-14,-29,0,5,9,5,-128
-14,-24,-5,-2,-16,0,-2,-128
2,33,10,-10,-24,-2,7,-128
-6,-22,-39,6,-42,-14,-11,-128
-6,-35,13,31,57,30,0,-128
8,95,47,6,3,-9,-21,-128
-14,-73,0,-19,6,-6,-6,-128
-11,-10,-41,-36,-64,-19,7,-128
-10,-22,-27,58,37,20,7,-128
-7,-14,5,19,61,1,-9,-128
8,14,33,-4,-27,-16,-16,-128
-1,37,-128,36,34,1,-5,-128
0,22,2,-42,-16,-5,4,-128
10,-16,-19,-40,-51,-7,8,-128
-19,-3,-5,56,-57,-21,-8,-128
30,53,-7,-31,79,39,16,-128
2,21,2,16,3,0,1,-128
-24,-128,-14,10,7,-7,-4,-128
-11,9,-8,-23,-28,-10,-6,-128
7,-2,2,-13,-10,-4,-6,-128
5,4,-9,-44,-72,-22,-4,-128
-18,-35,17,35,48,10,0,-128
5,-4,-40,46,13,8,6,-128
-7,3,92,-74,-27,-22,-13,-128
16,63,-53,-5,22,10,12,-128
-4,-33,-84,-10,-16,-6,-4,-128
14,-6,38,-5,-17,-6,-8,-128
-3,8,8,-31,-30,-16,-2,-128
-16,-16,10,-6,-13,-2,18,-128
2,25,3,86,8,5,7,-128
-14,-48,-30,25,38,2,-18,-128
-2,-57,-8,-21,-2,-1,-8,-128
4,20,-18,-49,-41,-17,-5,-128
0,35,47,26,4,3,10,-128
-2,-102,-34,-27,65,10,-17,-128
11,33,16,-15,-8,1,7,-128
0,-1,-2,4,-17,1,17,-128
-2,74,-19,-27,-56,-12,5,-128
-17,-37,39,34,-42,-35,-47,-128
1,-12,-27,-25,50,27,13,-128
-2,24,-3,-6,-15,-2,-4,-128
15,6,9,45,6,1,3,-128
11,0,-2,0,-19,-5,0,-128
-12,-3,0,-5,-34,-14,-8,-128
-6,-29,-55,-55,-14,-5,0,-128
-4,-12,24,31,25,17,5,-128
2,25,15,5,-1,-1,0,-128
4,99,-18,-14,-34,-6,-7,-128
-6,-38,17,25,27,-2,0,-128
-11,-32,12,18,-14,-6,6,-128
-3,18,-12,-30,-4,-2,2,-128
-13,1,10,5,-62,-19,-9,-128
20,16,-8,33,63,11,-11,-128
21,10,1,-41,-3,-2,2,-128
-6,-3,-8,-50,-55,-13,-5,-128
-12,-4,-27,52,15,1,-2,-128
-12,-13,10,28,1,16,18,-128
4,15,10,4,-20,-3,-7,-128
13,32,11,-31,-22,-11,-26,-128
-6,47,-46,43,41,-13,-8,-128
-11,-29,0,-83,1,5,3,-128
-10,-43,47,66,-65,-23,14,-128
-3,-9,4,15,79,24,-10,-128
38,54,-8,-17,2,2,0,-128
-12,-11,1,-2,0,-5,-4,-128
-16,25,7,-8,-35,-16,2,-128
-10,6,6,11,-6,0,-9,-128
-7,-128,4,29,15,15,14,-128
-14,-25,-13,-15,-9,-8,-9,-128
30,47,0,0,-6,-12,-24,-128
17,16,0,0,-11,-11,0,-128
-13,-19,24,-24,-1,7,10,-128
-12,32,5,43,28,20,9,-128
7,25,9,29,5,-6,-16,-128
19,-80,-60,13,2,-7,7,-128
-17,-30,33,-23,-57,-24,0,-128
-13,10,1,38,69,12,1,-128
-4,6,17,-16,36,18,0,-128
-10,-2,-1,-8,-29,-5,6,-128
-6,0,67,-17,-98,-40,-17,-128
11,30,-112,32,127,36,-1,-128
-6,-49,7,-9,1,2,-6,-128
-12,-20,-30,1,-9,-12,-6,-128
7,13,14,1,-12,-1,4,-128
6,20,14,-5,-15,-7,2,-128
-8,0,7,-2,-24,-1,0,-128
11,6,25,0,-17,-8,-9,-128
-7,-38,-76,-5,8,0,-1,-128
-15,9,-17,-9,5,-12,-5,-128
23,19,63,17,-6,-2,-1,-128
4,28,-10,-28,27,6,1,-128
-27,-42,9,50,81,55,13,-128
-6,56,-23,-7,-32,-20,-2,-128
33,-77,-30,-12,-13,-12,-10,-128
-5,-37,9,3,5,-6,6,-128
-7,29,-3,25,28,6,6,-128
-3,25,-1,-55,-56,-17,-13,-128
-7,-47,-2,86,5,7,-5,-128
-20,10,21,-25,19,20,0,-128
17,19,-9,-17,-12,-2,1,-128
16,-33,-15,-11,15,-8,3,-128
0,7,6,-6,-14,-5,3,-128
-12,-22,-18,-13,-51,-17,-12,-128
-4,17,89,4,-16,-1,9,-128
4,-6,-128,-33,-116,-40,-1,-128
-13,-55,43,73,127,72,-3,-128
-15,-28,32,-12,-20,-9,-7,-128
2,-3,3,-6,-49,-15,2,-128
-1,8,-2,-11,-40,-13,-3,-128
5,7,-2,-7,-17,-4,-4,-128
0,1,-18,-7,-14,-9,-3,-128
4,13,13,0,8,6,-1,-128
-11,-26,-2,-42,-12,-11,10,-128
-10,5,-8,85,-19,-7,8,-128
7,61,28,-91,35,30,-9,-128
39,12,47,1,-5,-12,3,-128
-8,24,-63,4,3,-10,-9,-128
-21,-24,1,2,-3,-17,-31,-128
-19,-20,-15,-26,0,-19,-11,-128
-7,-36,43,4,24,-3,1,-128
10,43,3,-20,-45,-8,-6,-128
-4,-1,-32,89,70,34,8,-128
-1,31,9,2,-18,-3,0,-128
-10,-14,-6,-4,-11,-3,8,-128
-10,9,-15,-9,7,-3,13,-128
-4,-47,-26,-40,-66,-18,-3,-128
26,-12,14,69,37,1,-15,-128
-1,-43,-1,-11,-28,-20,-24,-128
-13,-40,-16,-73,44,8,6,-128
3,21,-25,30,0,7,1,-128
-11,-13,10,14,11,4,6,-128
13,9,-6,11,-25,-11,-3,-128
-10,-40,58,-39,-54,-17,-8,-128
0,-3,-3,-1,-24,0,1,-128
-1,14,20,87,55,11,1,-128
-12,-9,8,13,15,8,-1,-128
7,31,31,-16,2,0,-1,-128
18,24,-28,19,-21,-14,-2,-128
-11,-52,-33,-39,1,-9,-9,-128
-15,-36,-8,-15,-22,-2,4,-128
-4,-1,8,10,-17,-1,-3,-128
1,36,-6,13,-5,-12,-18,-128
22,-13,44,9,8,4,23,-128
-3,30,41,20,25,-3,-6,-128
5,18,24,33,-23,-21,-22,-128
-24,3,-31,-81,45,23,-6,-128
-3,3,-21,27,0,3,-5,-128
3,-11,41,18,2,4,6,-128
7,2,-20,-23,-6,-6,-2,-128
12,61,-5,9,3,2,4,-128
-8,-19,-14,20,-20,-2,0,-128
-4,13,35,-21,-37,-14,-7,-128
0,47,-11,27,30,12,-3,-128
-5,9,-11,-10,6,11,13,-128
-13,-44,10,-34,-15,-9,-12,-128
-5,65,37,50,31,-4,-3,-128
-1,-96,-16,-56,-12,-5,-9,-128
-9,4,-36,-11,-43,-14,-1,-128
-1,20,1,-4,-14,2,3,-128
-5,-21,24,-20,4,-5,4,-128
-23,-20,-19,72,56,37,10,-128
22,14,119,7,4,8,4,-128
16,2,-39,-19,-14,-10,-1,-128
-1,-11,-12,-11,-22,-10,-1,-128
-2,7,13,2,-11,-7,-11,-128
-4,-8,-4,-4,-9,-4,-6,-128
-10,-4,-14,1,-2,0,5,-128
-24,-8,3,-19,-36,-2,6,-128
-8,-31,-1,-20,3,5,0,-128
34,100,-8,14,14,3,-3,-128
-14,-14,-9,13,18,-4,-32,-128
4,-27,-6,-60,1,-11,-14,-128
-23,-10,-6,39,6,-2,-5,-128
-11,-26,-14,1,8,2,8,-128
-2,-12,-2,-60,-36,-1,10,-128
-2,15,1,5,-39,-14,-7,-128
-17,-42,-23,-14,-25,-4,6,-128
26,49,93,56,70,24,-10,-128
4,-13,-89,-6,46,10,-4,-128
0,-3,23,-14,-17,-8,-10,-128
-6,10,11,-29,-34,-10,4,-128
-20,3,6,-37,-112,-37,-10,-128
2,2,-14,33,69,11,-4,-128
-12,-14,-6,0,24,12,-4,-128
-4,19,8,-6,-8,-5,-1,-128
-8,-10,-26,3,-17,-7,-4,-128
-10,-28,43,-20,-36,-14,-6,-128
30,50,8,12,-34,1,0,-128
30,26,-43,36,41,4,-1,-128
-30,-81,-25,10,20,3,16,-128
-12,-22,-8,-20,-4,-7,-19,-128
-3,-52,25,17,18,-4,-12,-128
7,-9,3,0,12,-5,1,-128
-5,8,-10,-3,-14,-2,8,-128
-18,1,-13,-60,-38,-5,8,-128
-18,-4,13,127,-66,-26,-2,-128
10,5,-6,-107,127,57,1,-128
42,127,16,-36,-24,-8,-11,-128
-7,-26,-32,80,72,19,-5,-128
-24,-57,5,-2,-16,-7,1,-128
-17,-28,-36,-1,-27,-9,-2,-128
-4,-3,32,1,-25,-4,1,-128
-2,10,7,-26,-20,-7,9,-128
-8,-1,3,-2,-27,0,6,-128
-7,13,3,2,-19,-10,-25,-128
17,27,-46,-6,25,11,-7,-128
6,-3,17,-11,-8,-3,-12,-128
-11,-20,-60,-15,-22,-18,2,-128
-8,-4,-7,-38,11,9,14,-128
8,-20,-3,44,-15,-4,12,-128
13,6,1,-47,43,13,-22,-128
-13,-57,8,-25,-38,-14,9,-128
-9,-17,-9,-43,-28,-5,-3,-128
-11,0,-16,78,61,25,12,-128
-1,29,5,23,7,9,22,-128
8,-33,7,22,-15,-10,-29,-128
-9,12,-14,-31,-21,-16,-18,-128
19,-21,55,-25,23,5,-1,-128
-11,-14,18,-11,-23,-9,-6,-128
-20,-6,-16,18,-10,-10,0,-128
-6,3,-15,-4,-11,-8,4,-128
0,-4,7,20,15,2,-2,-128
-15,-4,0,-21,-67,-13,3,-128
0,21,36,29,38,5,-3,-128
27,26,-67,-20,3,1,-1,-128
-17,-25,11,-5,-16,-9,-10,-128
9,-9,-7,-14,13,-3,2,-128
0,-39,-41,-28,-28,-11,0,-128
-21,-30,26,-1,12,-8,-12,-128
-9,-18,24,23,55,14,-4,-128
1,24,-18,-7,-14,0,-3,-128
-6,-4,-12,-9,-15,-5,0,-128
-3,5,-1,-6,-16,-5,4,-128
2,18,0,-13,-13,-3,5,-128
8,5,0,44,-31,-9,-8,-128
1,34,-23,-4,23,14,3,-128
-6,-46,-14,18,4,8,12,-128
14,16,-3,-66,-8,-13,-17,-128
23,14,-24,102,89,2,-13,-128
8,-11,28,0,-2,-2,-3,-128
-17,-30,-2,-10,-26,-4,1,-128
-11,-7,-10,-7,-24,-2,2,-128
-5,-2,-2,-1,-14,-1,0,-128
-9,-4,-8,-7,-5,-4,2,-128
-1,10,1,-1,-67,-31,5,-128
-12,-10,22,41,82,34,9,-128
-4,1,-46,3,37,24,-9,-128
26,101,42,9,3,-9,-22,-128
-9,-128,2,-3,0,-20,-16,-128
-8,3,6,-13,8,-7,-1,-128
-10,-15,-32,-11,-16,-6,-3,-128
-8,2,48,-9,-22,-8,-2,-128
-2,0,-11,-21,-34,-7,-4,-128
-1,6,-5,51,-37,-14,0,-128
-1,2,3,-8,106,41,12,-128
-22,-8,-2,18,-46,-18,-1,-128
-5,-8,7,37,79,33,13,-128
38,22,8,-29,-21,-1,-12,-128
12,-12,13,24,41,-2,-11,-128
-4,-10,-12,29,-16,-9,5,-128
-13,-12,17,-52,-5,-1,-1,-128
-13,-7,23,-4,-10,-1,-5,-128
-13,13,-10,-20,-20,-10,-6,-128
-14,-56,-30,38,-17,-6,2,-128
22,-12,29,-14,10,25,26,-128
9,47,-15,54,25,-7,-18,-128
-3,96,-128,-33,23,-8,-19,-128
8,-118,28,1,21,-10,-12,-128
-11,-13,13,-46,4,1,-4,-128
-8,6,2,-27,-21,1,6,-128
-4,0,-4,3,-24,-6,0,-128
-2,6,-4,-7,-30,-7,-1,-128
-2,7,0,26,-9,-8,5,-128
-11,-8,-15,29,35,10,-3,-128
0,-6,20,-7,11,-5,-8,-128
-7,-9,22,-6,-10,-8,-4,-128
-6,14,-33,-12,-10,1,6,-128
-6,12,40,17,3,-2,-11,-128
22,-3,4,7,16,1,1,-128
-20,-29,18,-19,-3,-9,2,-128
-17,19,-36,-25,-51,-19,1,-128
-8,-77,-16,34,75,30,5,-128
8,6,-4,-1,-43,-10,-6,-128
1,32,7,-26,22,7,-7,-128
-1,-16,9,-31,15,7,-3,-128
-3,15,-20,16,-28,-14,-2,-128
-2,-1,72,29,9,9,7,-128
-19,-5,-108,0,-36,-6,3,-128
3,-5,66,1,16,2,-2,-128
23,83,20,-14,-38,-21,-17,-128
10,-45,0,-7,2,6,-1,-128
-13,-2,-20,81,62,12,1,-128
-16,-22,7,-43,0,4,3,-128
-8,12,-4,-5,-22,-8,8,-128
-19,-11,-16,8,-30,-12,-9,-128
24,13,4,-5,17,5,3,-128
-9,30,6,-26,-43,-15,-18,-128
13,21,9,43,68,16,13,-128
-2,-18,-10,-2,-1,3,-3,-128
-1,62,-4,38,-48,-27,1,-128
-6,-128,35,-88,87,29,-4,-128
1,81,-100,-3,-29,-7,6,-128
11,81,55,-15,-36,-13,-5,-128
-10,-50,-19,49,23,-14,-19,-128
-7,15,-6,-16,64,29,9,-128
-6,-12,-1,-8,-12,0,-8,-128
-4,12,1,10,-35,-12,-4,-128
0,-13,-7,-17,-20,-14,-6,-128
-10,1,6,22,5,-2,1,-128
15,0,22,-2,43,21,14,-128
-9,7,-7,-6,-14,-4,-6,-128
3,-6,3,10,-1,5,5,-128
18,-4,3,6,-32,-9,-1,-128
-8,11,-8,-63,-31,-9,0,-128
11,37,-8,60,58,9,-8,-128
-7,0,21,7,31,6,-2,-128
-11,-15,40,8,-1,6,2,-128
-5,21,-72,-1,0,5,4,-128
5,-2,43,-36,-19,-14,-8,-128
2,-46,-38,2,-18,-5,-4,-128
14,35,2,1,-23,-3,2,-128
-11,-20,-34,-9,-12,-7,9,-128
-10,74,89,-1,-23,-15,-1,-128
-17,-55,-81,9,48,2,-17,-128
-6,-6,-36,-7,-8,-5,-12,-128
-8,-40,-5,-9,-6,6,3,-128
-6,28,-31,50,27,5,6,-128
27,18,8,-3,-10,-4,13,-128
-17,-2,9,-17,-20,-14,-21,-128
4,15,3,-18,-16,-8,0,-128
-12,-12,-9,-1,-20,0,10,-128
-12,-8,0,-13,-26,-4,-7,-128
3,-4,-43,57,13,-6,-4,-128
16,-26,30,-59,36,6,-2,-128
-4,11,19,-38,-4,-4,-9,-128
-3,12,16,-7,-20,1,0,-128
1,7,-24,41,-13,4,8,-128
-24,-5,-28,0,-4,7,-4,-128
-12,6,-7,-6,-9,-2,1,-128
6,10,3,-27,-13,-9,3,-128
-1,4,-5,-7,-29,-19,-8,-128
3,10,6,22,64,32,9,-128
6,8,56,-8,-12,0,1,-128
24,3,-85,-19,-34,-1,12,-128
-19,-25,-5,-4,-25,-25,-30,-128
8,-2,63,97,1,-12,-8,-128
-6,41,-16,-63,77,19,-6,-128
-3,-25,7,-20,-10,8,0,-128
2,3,-4,10,-25,1,5,-128
-1,-14,-5,-28,-56,-12,2,-128
-11,-4,-6,19,0,-13,-14,-128
5,1,28,29,24,5,-1,-128
21,50,40,33,15,10,27,-128
-11,-33,2,-11,-21,-6,-16,-128
-40,-54,8,-12,-11,-8,-12,-128
4,33,2,-5,-14,-8,-9,-128
12,-14,-16,5,-1,-4,-7,-128
5,-17,-14,-34,1,0,3,-128
-4,14,4,7,0,-1,1,-128
-19,10,-9,-6,-25,-7,8,-128
10,7,2,25,0,10,3,-128
-3,56,3,18,6,-10,-21,-128
14,56,-24,-13,13,-8,-4,-128
-12,-44,0,10,33,5,-7,-128
4,3,8,-6,-5,3,1,-128
-9,-1,59,1,-115,-35,11,-128
-26,-25,-65,31,113,34,2,-128
-8,27,-44,-63,-21,-4,-4,-128
34,100,58,39,18,-7,-22,-128
-20,-113,-17,-9,16,-6,0,-128
-11,43,5,-10,-13,-4,2,-128
-5,0,-1,15,-12,0,-2,-128
0,-1,34,2,-21,-7,-2,-128
-1,10,19,-18,-40,-7,6,-128
3,-9,-62,-8,-2,1,4,-128
6,-20,15,119,24,-7,-2,-128
-4,-42,14,-59,30,15,0,-128
-8,15,31,-26,16,13,3,-128
1,-6,-23,-13,-31,-12,-9,-128
19,-45,-56,-5,-24,-10,-4,-128
-18,-41,4,4,-18,-7,-2,-128
-11,-17,-5,-24,-15,-3,1,-128
-19,2,0,8,-18,-5,0,-128
29,32,14,39,4,5,9,-128
24,47,9,-46,12,7,-1,-128
-5,-25,-82,-7,-29,-16,-17,-128
-20,1,0,19,33,11,-6,-128
-2,-3,4,-1,0,1,6,-128
-10,-28,7,-6,-5,-2,2,-128
-15,-19,-39,-2,-11,0,-2,-128
9,38,15,-5,-12,2,0,-128
-4,23,14,-2,-28,-12,-6,-128
9,18,-21,-27,11,8,11,-128
-7,-23,-10,9,2,-1,-1,-128
-10,-1,9,7,-4,-2,-3,-128
5,1,-15,21,-7,-5,-8,-128
0,27,0,8,-8,5,0,-128
-13,-42,-11,-76,-24,-5,-8,-128
24,4,-10,9,6,3,-1,-128
-13,-22,22,-10,10,5,5,-128
-18,34,-5,67,-40,-11,-2,-128
-8,-44,-14,-105,-12,-11,-8,-128
11,20,-1,27,23,6,-9,-128
19,67,4,54,49,17,11,-128
5,-27,9,-40,-30,-3,3,-128
-24,-40,-11,34,0,-9,-7,-128
-3,-1,10,-23,-17,-9,-8,-128
-10,-27,34,8,-45,-17,-12,-128
8,56,29,-28,21,9,19,-128
15,21,3,7,30,12,5,-128
-17,-15,-33,-10,-6,2,-6,-128
-7,-8,17,27,-21,-7,-2,-128
28,60,17,-75,8,4,-2,-128
-5,-9,-14,7,15,5,0,-128
-16,-18,-8,1,-17,-14,-12,-128
6,27,-5,-30,-20,1,1,-128
5,-1,13,42,5,-2,2,-128
-2,-10,1,-1,7,8,5,-128
2,45,14,-33,-4,-2,12,-128
-12,-97,-3,1,-9,-11,-12,-128
-8,7,-25,-13,-15,-6,-3,-128
-4,28,-1,15,-22,-6,0,-128
-4,3,21,-62,-45,-15,-7,-128
8,-21,-7,101,104,35,15,-128
16,16,-44,-4,5,4,11,-128
11,2,47,4,-28,-6,-8,-128
5,14,-32,-32,-23,-16,-20,-128
-21,-19,18,1,-35,-22,-15,-128
-13,2,-14,68,50,3,-1,-128
-3,-25,14,-103,-18,4,2,-128
20,22,-27,34,45,14,10,-128
2,-85,-42,-5,-4,8,10,-128
-6,55,-5,11,-24,-10,-6,-128
-3,-9,7,-12,-19,-2,-7,-128
4,62,27,5,-17,-13,-8,-128
-12,27,-6,-2,8,1,-1,-128
-5,-55,-14,-3,-35,-17,-4,-128
7,8,33,4,38,8,1,-128
-5,-17,-79,8,7,11,11,-128
6,21,15,-4,-20,-7,-2,-128
23,-9,15,-19,0,-5,-14,-128
-26,-29,18,-5,-4,-4,-11,-128
0,61,13,-16,-2,1,10,-128
0,-102,-8,80,-12,-10,-11,-128
-6,-65,-33,-40,16,-9,-3,-128
-26,-16,-65,-12,26,12,6,-128
5,4,27,-42,5,2,-2,-128
26,36,3,-37,-28,0,18,-128
16,34,0,36,-21,-11,-6,-128
-33,-36,10,4,45,23,-20,-128
-5,-7,-8,27,14,4,-6,-128
-2,-1,4,-7,-24,-8,-4,-128
14,1,11,-26,-38,-11,2,-128
-4,6,23,14,-3,-3,7,-128
-9,49,27,19,3,2,-5,-128
35,40,-11,-47,-4,-1,10,-128
0,-3,-6,33,-33,-27,-13,-128
-9,29,-11,-22,41,13,0,-128
-10,-128,5,-6,10,6,-9,-128
7,16,-5,-66,-1,-1,-8,-128
-16,-9,5,-17,-10,-1,16,-128
-4,56,9,37,-15,-16,-18,-128
17,23,6,24,24,18,2,-128
2,2,57,-1,10,9,5,-128
11,7,-128,-17,-18,2,14,-128
-13,-36,5,38,-1,-1,6,-128
-3,1,39,-20,-10,-4,-10,-128
-10,-29,1,-4,2,-5,-14,-128
14,-4,13,-6,2,0,7,-128
4,-4,-34,-5,-2,7,9,-128
-14,-16,-20,35,-17,-9,-6,-128
-2,-12,3,-75,-28,-13,-7,-128
18,32,-8,104,57,11,-7,-128
-1,23,2,-128,34,23,13,-128
-7,-29,8,35,9,4,4,-128
-6,27,20,-7,-20,-12,-8,-128
-11,-31,-24,6,-8,-11,-8,-128
-5,-10,-23,-5,-9,0,3,-128
0,-15,-18,-12,-22,-10,6,-128
-8,-106,-10,53,45,20,8,-128
9,9,8,10,-13,-3,0,-128
7,14,11,-32,-1,1,-5,-128
-1,14,-15,-28,-33,-12,-1,-128
-4,14,-4,2,6,-1,2,-128
-7,7,40,-7,23,5,-6,-128
17,28,-20,56,6,11,6,-128
2,-5,32,-50,-4,-2,-8,-128
8,-8,0,-8,-10,-1,3,-128
-27,-16,-15,-29,-52,-21,-8,-128
14,25,34,86,40,26,10,-128
12,13,-22,-24,2,13,7,-128
-6,-15,-27,1,-7,-7,-5,-128
11,64,-5,0,-14,-2,-7,-128
9,5,-15,0,-1,-8,-5,-128
-16,-97,47,-31,-15,-6,1,-128
-7,2,-126,-15,-15,-7,-4,-128
-10,-6,20,23,11,2,3,-128
-2,-2,14,16,-48,-3,-2,-128
-8,-1,-25,-36,9,7,0,-128
12,43,-5,34,-1,-3,6,-128
26,33,31,-53,7,7,-5,-128
-28,12,5,2,6,-9,-11,-128
9,9,-40,-17,-1,0,5,-128
1,4,67,-13,-24,-8,3,-128
-10,-30,5,19,0,-3,-4,-128
-9,25,-19,28,-25,-8,-10,-128
7,26,31,-27,21,3,1,-128
0,-40,-13,-15,27,5,-6,-128
26,38,6,2,-11,0,11,-128
0,-7,-25,20,-12,-8,0,-128
-13,77,-18,-47,-19,-8,-13,-128
-18,-83,38,15,1,-12,-4,-128
-4,-40,-23,9,4,-5,2,-128
8,8,-55,-19,30,8,3,-128
-4,9,51,1,-11,0,0,-128
-11,-4,7,0,-9,-1,-6,-128
-13,-5,-9,14,-14,0,0,-128
-6,-3,11,-11,-36,-13,-1,-128
25,-4,-7,-41,32,7,2,-128
9,37,-4,17,-36,-22,-15,-128
9,-5,7,27,105,20,3,-128
1,17,-46,-1,-9,-3,0,-128
-16,-17,20,-3,-8,-5,-20,-128
-12,24,21,20,-23,-12,-9,-128
3,-31,0,-79,-6,-4,3,-128
-2,-10,-4,0,-20,-6,2,-128
2,-5,41,-14,-31,0,7,-128
-12,26,-7,27,-74,-23,-2,-128
-4,13,52,71,127,48,4,-128
32,45,-28,9,4,11,14,-128
-5,-92,13,-34,-20,-10,-4,-128
-3,9,6,-5,-19,-9,-9,-128
-10,42,3,-18,-8,-13,-23,-128
-4,3,-2,18,25,5,0,-128
5,-19,51,1,-3,2,1,-128
-11,-41,-54,-5,-4,-2,-3,-128
-17,-11,-14,-4,5,6,1,-128
-16,-21,42,-3,-6,7,16,-128
14,14,-2,16,-8,2,3,-128
20,49,-25,9,-5,-16,-11,-128
11,11,0,10,23,-3,-13,-128
-9,-49,-29,13,-5,-6,-3,-128
-14,-7,13,-2,-2,-2,4,-128
-7,4,-10,-56,-13,4,0,-128
-17,-21,-18,38,-13,-5,-4,-128
0,8,8,-55,-25,-2,4,-128
-6,-17,30,16,24,18,21,-128
12,38,-25,17,-23,-6,-8,-128
-4,-15,-7,-30,-15,-13,-32,-128
3,-97,-1,5,32,-8,-19,-128
3,1,40,-3,-11,7,6,-128
-7,-7,-128,20,-14,0,3,-128
-12,-12,-2,-60,-28,-17,-4,-128
-10,11,12,44,-23,2,5,-128
-11,-17,13,10,69,25,7,-128
24,27,37,-63,-12,7,3,-128
11,32,-39,7,-11,-10,1,-128
-12,2,49,3,-22,-13,5,-128
-1,-19,-2,-11,-16,-10,-9,-128
-15,-34,-9,-1,-9,-13,-10,-128
-1,30,8,19,19,5,-2,-128
0,-14,-32,41,14,4,4,-128
-13,-63,-14,-7,-7,-4,-7,-128
9,-25,-32,-9,-6,-13,-4,-128
6,47,18,-11,-10,-5,-12,-128
-6,16,3,3,-12,-9,0,-128
26,28,41,16,-15,-8,4,-128
-2,-21,-9,-44,38,14,3,-128
3,18,49,-8,-3,3,6,-128
-10,25,-8,11,4,-6,-5,-128
-11,-55,-27,-3,-25,-5,-6,-128
3,6,-15,24,-16,-5,7,-128
-11,-23,-22,5,-8,-7,6,-128
-7,5,12,66,34,15,1,-128
-7,29,11,-50,24,-2,-19,-128
26,18,-10,-9,-31,-16,-14,-128
-4,-12,-8,-3,2,-7,-10,-128
-12,-22,5,30,16,8,4,-128
-11,-4,1,-39,-27,-8,6,-128
-7,-47,32,88,29,5,-3,-128
18,42,-14,-5,7,5,-1,-128
0,-4,-7,-85,-37,7,-1,-128
-13,12,7,87,53,18,2,-128
0,45,11,-64,0,-5,1,-128
-4,-61,72,-17,-23,-6,2,-128
-4,-12,-128,-18,-11,-12,-5,-128
0,37,6,42,20,7,-7,-128
2,32,2,2,-5,1,0,-128
-1,-3,-3,-2,-10,-6,0,-128
-1,-6,1,-2,-8,0,3,-128
-16,-15,1,-8,-21,-13,-6,-128
-4,31,-9,-9,-8,-1,-1,-128
16,-13,-29,-21,26,2,3,-128
20,-37,26,36,32,10,-6,-128
-1,36,21,0,-4,-1,-10,-128
-4,11,-10,-4,-14,-1,4,-128
-8,-20,2,-25,-18,-7,4,-128
5,22,-35,41,30,15,10,-128
-28,-43,9,-22,-34,-24,-14,-128
-17,-37,7,-24,-32,-19,-14,-128
-8,19,104,40,28,3,-6,-128
11,52,-83,34,72,37,11,-128
-7,-59,-68,-8,5,-1,6,-128
-4,-4,-15,-18,-16,-9,-3,-128
3,43,12,-11,-49,-17,-3,-128
5,29,21,-20,-69,-27,-2,-128
-15,-23,-1,48,62,20,-11,-128
-12,-12,-13,31,106,30,3,-128
7,18,19,-27,-5,1,-4,-128
4,25,-30,-11,-29,-12,-5,-128
1,-5,1,-6,-25,-8,1,-128
-9,-2,8,9,-21,-12,-6,-128
